{
  "pos": [
    -0.12496087700128555,
    0.026673570949793807,
    0.6554463853443581
  ],
  "look_at": [
    -0.12496087700128555,
    -0.12055742740631104,
    0.10597281903028488
  ],
  "K": [
    [
      2058.7265625,
      0.0,
      960.0
    ],
    [
      0.0,
      2058.7265625,
      540.0
    ],
    [
      0.0,
      0.0,
      1.0
    ]
  ],
  "focal": 2058.7266436891764,
  "size": [
    1920,
    1080
  ]
}